[{"model": "facilities.counties", "pk": 1, "fields": {"name": "Mombasa"}}, {"model": "facilities.counties", "pk": 2, "fields": {"name": "Kwale"}}, {"model": "facilities.counties", "pk": 3, "fields": {"name": "Kilifi"}}, {"model": "facilities.counties", "pk": 4, "fields": {"name": "Tana River"}}, {"model": "facilities.counties", "pk": 5, "fields": {"name": "Lamu"}}, {"model": "facilities.counties", "pk": 6, "fields": {"name": "Taita-Taveta"}}, {"model": "facilities.counties", "pk": 7, "fields": {"name": "Garissa"}}, {"model": "facilities.counties", "pk": 8, "fields": {"name": "Wajir"}}, {"model": "facilities.counties", "pk": 9, "fields": {"name": "Mandera"}}, {"model": "facilities.counties", "pk": 10, "fields": {"name": "Marsabit"}}, {"model": "facilities.counties", "pk": 11, "fields": {"name": "Isiolo"}}, {"model": "facilities.counties", "pk": 12, "fields": {"name": "Meru"}}, {"model": "facilities.counties", "pk": 13, "fields": {"name": "Tharaka-Nithi"}}, {"model": "facilities.counties", "pk": 14, "fields": {"name": "Embu"}}, {"model": "facilities.counties", "pk": 15, "fields": {"name": "Kitui"}}, {"model": "facilities.counties", "pk": 16, "fields": {"name": "Machakos"}}, {"model": "facilities.counties", "pk": 17, "fields": {"name": "Makueni"}}, {"model": "facilities.counties", "pk": 18, "fields": {"name": "Nyandarua"}}, {"model": "facilities.counties", "pk": 19, "fields": {"name": "Nyeri"}}, {"model": "facilities.counties", "pk": 20, "fields": {"name": "Kirinyaga"}}, {"model": "facilities.counties", "pk": 21, "fields": {"name": "Murang’a"}}, {"model": "facilities.counties", "pk": 22, "fields": {"name": "Kiambu"}}, {"model": "facilities.counties", "pk": 23, "fields": {"name": "Turkana"}}, {"model": "facilities.counties", "pk": 24, "fields": {"name": "West Pokot"}}, {"model": "facilities.counties", "pk": 25, "fields": {"name": "Samburu"}}, {"model": "facilities.counties", "pk": 26, "fields": {"name": "Trans Nzoia"}}, {"model": "facilities.counties", "pk": 27, "fields": {"name": "Uasin Gishu"}}, {"model": "facilities.counties", "pk": 28, "fields": {"name": "Elgeyo-Marakwet"}}, {"model": "facilities.counties", "pk": 29, "fields": {"name": "Nandi"}}, {"model": "facilities.counties", "pk": 30, "fields": {"name": "Baringo"}}, {"model": "facilities.counties", "pk": 31, "fields": {"name": "Laikipia"}}, {"model": "facilities.counties", "pk": 32, "fields": {"name": "Nakuru"}}, {"model": "facilities.counties", "pk": 33, "fields": {"name": "Narok"}}, {"model": "facilities.counties", "pk": 34, "fields": {"name": "Kajiado"}}, {"model": "facilities.counties", "pk": 35, "fields": {"name": "Kericho"}}, {"model": "facilities.counties", "pk": 36, "fields": {"name": "Bomet"}}, {"model": "facilities.counties", "pk": 37, "fields": {"name": "Kakamega"}}, {"model": "facilities.counties", "pk": 38, "fields": {"name": "Vihiga"}}, {"model": "facilities.counties", "pk": 39, "fields": {"name": "Bungoma"}}, {"model": "facilities.counties", "pk": 40, "fields": {"name": "Busia"}}, {"model": "facilities.counties", "pk": 41, "fields": {"name": "Siaya"}}, {"model": "facilities.counties", "pk": 42, "fields": {"name": "Kisumu"}}, {"model": "facilities.counties", "pk": 43, "fields": {"name": "Homa Bay"}}, {"model": "facilities.counties", "pk": 44, "fields": {"name": "Migori"}}, {"model": "facilities.counties", "pk": 45, "fields": {"name": "Kisii"}}, {"model": "facilities.counties", "pk": 46, "fields": {"name": "Nyamira"}}, {"model": "facilities.counties", "pk": 47, "fields": {"name": "Nairobi"}}, {"model": "facilities.sub_counties", "pk": 1, "fields": {"name": "Nakuru East", "county": 32}}, {"model": "facilities.sub_counties", "pk": 2, "fields": {"name": "Nyando", "county": 42}}, {"model": "facilities.sub_counties", "pk": 3, "fields": {"name": "Bureti", "county": 35}}, {"model": "facilities.sub_counties", "pk": 4, "fields": {"name": "Kisumu West", "county": 42}}, {"model": "facilities.sub_counties", "pk": 5, "fields": {"name": "Central", "county": 42}}, {"model": "facilities.sub_counties", "pk": 6, "fields": {"name": "Suna West", "county": 44}}, {"model": "facilities.sub_counties", "pk": 7, "fields": {"name": "Awendo", "county": 44}}, {"model": "facilities.sub_counties", "pk": 8, "fields": {"name": "Nyatike", "county": 44}}, {"model": "facilities.sub_counties", "pk": 9, "fields": {"name": "Narok West", "county": 33}}, {"model": "facilities.sub_counties", "pk": 10, "fields": {"name": "Laikipia East", "county": 31}}, {"model": "facilities.sub_counties", "pk": 21, "fields": {"name": "Seme", "county": 42}}, {"model": "facilities.sub_counties", "pk": 22, "fields": {"name": "Bomet Central", "county": 36}}, {"model": "facilities.sub_counties", "pk": 23, "fields": {"name": "Nyamira", "county": 46}}, {"model": "facilities.sub_counties", "pk": 24, "fields": {"name": "Kuria West", "county": 44}}, {"model": "facilities.sub_counties", "pk": 25, "fields": {"name": "Kuria East", "county": 44}}, {"model": "facilities.sub_counties", "pk": 26, "fields": {"name": "Uriri", "county": 44}}, {"model": "facilities.sub_counties", "pk": 27, "fields": {"name": "Konoin", "county": 36}}, {"model": "facilities.sub_counties", "pk": 28, "fields": {"name": "Chepalungu", "county": 36}}, {"model": "facilities.sub_counties", "pk": 29, "fields": {"name": "Tinderet", "county": 29}}, {"model": "facilities.sub_counties", "pk": 30, "fields": {"name": "Muhoroni", "county": 42}}, {"model": "facilities.sub_counties", "pk": 31, "fields": {"name": "Emgwen", "county": 29}}, {"model": "facilities.sub_counties", "pk": 32, "fields": {"name": "Borabu", "county": 46}}, {"model": "facilities.sub_counties", "pk": 33, "fields": {"name": "Mosop ", "county": 29}}, {"model": "facilities.sub_counties", "pk": 34, "fields": {"name": "Nyamira North", "county": 46}}, {"model": "facilities.sub_counties", "pk": 35, "fields": {"name": "Transmara East", "county": 33}}, {"model": "facilities.sub_counties", "pk": 36, "fields": {"name": "Masaba North", "county": 46}}, {"model": "facilities.sub_counties", "pk": 37, "fields": {"name": "South Mugirango", "county": 45}}, {"model": "facilities.sub_counties", "pk": 38, "fields": {"name": "Kipkelion West", "county": 35}}, {"model": "facilities.sub_counties", "pk": 39, "fields": {"name": "Nyaribari Masaa", "county": 45}}, {"model": "facilities.sub_counties", "pk": 40, "fields": {"name": "Manga", "county": 46}}, {"model": "facilities.sub_counties", "pk": 41, "fields": {"name": "Gilgil", "county": 32}}, {"model": "facilities.sub_counties", "pk": 42, "fields": {"name": "Bomachoge Chache", "county": 45}}, {"model": "facilities.sub_counties", "pk": 43, "fields": {"name": "Kitutu Chache South", "county": 45}}, {"model": "facilities.sub_counties", "pk": 44, "fields": {"name": "Bonchari", "county": 45}}, {"model": "facilities.sub_counties", "pk": 45, "fields": {"name": "Sigowet/Soin", "county": 35}}, {"model": "facilities.sub_counties", "pk": 46, "fields": {"name": "Sotik", "county": 36}}, {"model": "facilities.sub_counties", "pk": 47, "fields": {"name": "Mumias East", "county": 37}}, {"model": "facilities.sub_counties", "pk": 48, "fields": {"name": "Endebess", "county": 26}}, {"model": "facilities.sub_counties", "pk": 49, "fields": {"name": "Westlands", "county": 47}}, {"model": "facilities.sub_counties", "pk": 50, "fields": {"name": "Marigat", "county": 30}}, {"model": "facilities.sub_counties", "pk": 51, "fields": {"name": "Manyatta", "county": 14}}, {"model": "facilities.sub_counties", "pk": 52, "fields": {"name": "Naivasha", "county": 32}}, {"model": "facilities.sub_counties", "pk": 53, "fields": {"name": "Kaloleni", "county": 3}}, {"model": "facilities.sub_counties", "pk": 54, "fields": {"name": "Bomet East", "county": 36}}, {"model": "facilities.sub_counties", "pk": 55, "fields": {"name": "Chuka", "county": 13}}, {"model": "facilities.sub_counties", "pk": 56, "fields": {"name": "Malava", "county": 37}}, {"model": "facilities.sub_counties", "pk": 59, "fields": {"name": "Dagoretti North", "county": 47}}, {"model": "facilities.sub_counties", "pk": 60, "fields": {"name": "Tigania East", "county": 12}}, {"model": "facilities.sub_counties", "pk": 61, "fields": {"name": "Ganze", "county": 3}}, {"model": "facilities.sub_counties", "pk": 62, "fields": {"name": "Rongo", "county": 44}}, {"model": "facilities.sub_counties", "pk": 63, "fields": {"name": "Gatundu North", "county": 22}}, {"model": "facilities.sub_counties", "pk": 64, "fields": {"name": "Lari", "county": 22}}, {"model": "facilities.sub_counties", "pk": 65, "fields": {"name": "Mwingi Central", "county": 15}}, {"model": "facilities.sub_counties", "pk": 66, "fields": {"name": "Mwingi West", "county": 15}}, {"model": "facilities.sub_counties", "pk": 67, "fields": {"name": "Mathira East", "county": 19}}, {"model": "facilities.sub_counties", "pk": 68, "fields": {"name": "Nyeri Central", "county": 19}}, {"model": "facilities.sub_counties", "pk": 69, "fields": {"name": "Ruiru", "county": 22}}, {"model": "facilities.sub_counties", "pk": 70, "fields": {"name": "Kiambu Town", "county": 22}}, {"model": "facilities.sub_counties", "pk": 71, "fields": {"name": "Kiambaa", "county": 22}}, {"model": "facilities.sub_counties", "pk": 72, "fields": {"name": "Baringo North", "county": 30}}, {"model": "facilities.sub_counties", "pk": 73, "fields": {"name": "Nandi Hills", "county": 29}}, {"model": "facilities.sub_counties", "pk": 74, "fields": {"name": "Bunyala", "county": 40}}, {"model": "facilities.sub_counties", "pk": 75, "fields": {"name": "Tetu", "county": 19}}, {"model": "facilities.sdp_agencies", "pk": 1, "fields": {"name": "CDC"}}, {"model": "facilities.sdp_agencies", "pk": 2, "fields": {"name": "USAID"}}, {"model": "facilities.sdp_agencies", "pk": 3, "fields": {"name": "DOD"}}, {"model": "facilities.partners", "pk": 1, "fields": {"name": "HJF-Nairobi", "agency": 3}}, {"model": "facilities.partners", "pk": 2, "fields": {"name": "CIHEB ENTRENCH", "agency": 1}}, {"model": "facilities.partners", "pk": 3, "fields": {"name": "HJF-South Rift Valley", "agency": 3}}, {"model": "facilities.partners", "pk": 4, "fields": {"name": "USAID Boresha Jamii", "agency": 2}}, {"model": "facilities.emr_type", "pk": 1, "fields": {"type": "KenyaEMR"}}, {"model": "facilities.emr_type", "pk": 2, "fields": {"type": "IQCare-KeHMIS"}}, {"model": "facilities.emr_type", "pk": 3, "fields": {"type": "AMRS"}}, {"model": "facilities.hts_use_type", "pk": 1, "fields": {"hts_use_name": "mUzima"}}, {"model": "facilities.hts_use_type", "pk": 2, "fields": {"hts_use_name": "HTS Module"}}, {"model": "facilities.hts_use_type", "pk": 3, "fields": {"hts_use_name": "AfyaSTAT"}}, {"model": "facilities.hts_deployment_type", "pk": 1, "fields": {"deployment": "Mobile Only"}}, {"model": "facilities.hts_deployment_type", "pk": 2, "fields": {"deployment": "Desktop Only"}}, {"model": "facilities.hts_deployment_type", "pk": 3, "fields": {"deployment": "Hybrid"}}, {"model": "facilities.owner", "pk": 1, "fields": {"name": "Armed Forces"}}, {"model": "facilities.owner", "pk": 2, "fields": {"name": "Ministry of Health"}}, {"model": "facilities.owner", "pk": 3, "fields": {"name": "Other Faith based"}}, {"model": "facilities.owner", "pk": 4, "fields": {"name": "Local Authority"}}, {"model": "facilities.owner", "pk": 5, "fields": {"name": "Non-Governmental Organizations"}}, {"model": "facilities.owner", "pk": 6, "fields": {"name": "Private Practice"}}, {"model": "facilities.facility_info", "pk": "03471d24-24e2-42ad-8b3e-4739dff796fb", "fields": {"mfl_code": 25253, "name": "Tiba Medical Clinic", "county": 22, "sub_county": 70, "lat": "-1.196791", "lon": "36.842999", "partner": null, "owner": 6, "kmhfltest_id": "c11e6de4-62f0-402d-a85d-e37a9d4b427f"}}, {"model": "facilities.facility_info", "pk": "0d46f54e-c246-45af-9fc3-6be9fc582c32", "fields": {"mfl_code": 22891, "name": "Kapchepkisa", "county": 30, "sub_county": 72, "lat": null, "lon": null, "partner": null, "owner": 2, "kmhfltest_id": "2f2b8e14-c431-46e9-ac36-e9712c336241"}}, {"model": "facilities.facility_info", "pk": "1884cf45-76c6-4991-b001-10953005eb97", "fields": {"mfl_code": 25249, "name": "kiambu township", "county": 22, "sub_county": 70, "lat": "-1.196695", "lon": "36.843075", "partner": null, "owner": 2, "kmhfltest_id": "8833307d-ae07-4ac3-8f31-81e11aaa8478"}}, {"model": "facilities.facility_info", "pk": "1d957ee0-91ab-4ccb-acb6-9a1a7a18242f", "fields": {"mfl_code": null, "name": "Ruiru Family Clinic", "county": 22, "sub_county": 69, "lat": null, "lon": null, "partner": null, "owner": 6, "kmhfltest_id": "c7f2c3e8-42b5-47cd-90ef-58d81abea88c"}}, {"model": "facilities.facility_info", "pk": "1e0c0e16-30c7-4c4a-a50c-2471ff6fe8c7", "fields": {"mfl_code": 25254, "name": "Leo Medical Clinic", "county": 22, "sub_county": 70, "lat": "-1.198801", "lon": "36.836297", "partner": null, "owner": 6, "kmhfltest_id": "7fa08f5b-c515-49c7-a3be-7db5ac450acc"}}, {"model": "facilities.facility_info", "pk": "2e73dac3-57a0-4c0d-b1e6-096918698c08", "fields": {"mfl_code": null, "name": "Kiambu township", "county": 22, "sub_county": 70, "lat": "-1.196695", "lon": "36.843075", "partner": null, "owner": 2, "kmhfltest_id": "85b8e50e-d66e-4b54-a164-ae2f07bba1df"}}, {"model": "facilities.facility_info", "pk": "323aa20f-7dd6-4e49-bfb4-acdc4ddc2f18", "fields": {"mfl_code": 25255, "name": "Monda Health Centre", "county": 22, "sub_county": 70, "lat": "-1.197991", "lon": "36.841679", "partner": null, "owner": 2, "kmhfltest_id": "89e3d60f-5a1f-4567-abdd-52e53b475a70"}}, {"model": "facilities.facility_info", "pk": "5635fbdc-e218-4557-b0dc-698cceda0c50", "fields": {"mfl_code": null, "name": "nyandarua hospital", "county": 22, "sub_county": 70, "lat": null, "lon": null, "partner": null, "owner": 2, "kmhfltest_id": "93c7efc0-b7fa-466e-b122-d481ab947bdb"}}, {"model": "facilities.facility_info", "pk": "5c0dd70a-2afb-4da6-8892-9db8200039af", "fields": {"mfl_code": null, "name": "Sunrise Health Centre", "county": 32, "sub_county": 52, "lat": "-0.736001", "lon": "36.457077", "partner": null, "owner": 6, "kmhfltest_id": "d6247be5-be87-4807-9435-57c0cf649609"}}, {"model": "facilities.facility_info", "pk": "7818c5a9-3ab3-4fae-af61-0b6bfdf5d6c6", "fields": {"mfl_code": null, "name": "Kimathi Medical Clinic", "county": 22, "sub_county": 70, "lat": null, "lon": null, "partner": null, "owner": 5, "kmhfltest_id": "75f93860-2821-42b0-ad6c-a8abc0d7c85c"}}, {"model": "facilities.facility_info", "pk": "8a93687c-08a9-4318-be59-7a7eeab5e8a2", "fields": {"mfl_code": null, "name": "Lake View Health Center", "county": 32, "sub_county": 52, "lat": null, "lon": null, "partner": null, "owner": 5, "kmhfltest_id": "3a618770-f2de-426e-8722-3c64bc14b7e7"}}, {"model": "facilities.facility_info", "pk": "8ded457c-4f73-49d3-bf46-85a4575763c5", "fields": {"mfl_code": null, "name": "Himacare Medical Centre", "county": 29, "sub_county": 73, "lat": "0.172940", "lon": "35.235820", "partner": null, "owner": 6, "kmhfltest_id": "3fb29569-e4cc-40dd-ad75-6206d367f69f"}}, {"model": "facilities.facility_info", "pk": "907b0d39-2faf-4e86-bf9d-4daaf1643828", "fields": {"mfl_code": null, "name": "Vasha", "county": 32, "sub_county": 52, "lat": "-0.771984", "lon": "36.421478", "partner": null, "owner": 2, "kmhfltest_id": "4faf4be8-4c38-428c-b3d4-d171fe075ed2"}}, {"model": "facilities.facility_info", "pk": "96b34764-0ffd-48cb-ac83-f71764f2983f", "fields": {"mfl_code": 25245, "name": "Test Facility Naivasha LCC", "county": 32, "sub_county": 52, "lat": "-0.736001", "lon": "36.457077", "partner": null, "owner": 2, "kmhfltest_id": "ee605699-9fc5-4ef3-96ca-049ee4b16f2e"}}, {"model": "facilities.facility_info", "pk": "96c22d02-a9a6-4d0f-b355-d5058e927fb9", "fields": {"mfl_code": 25250, "name": "Mbajoni Dispensary", "county": 22, "sub_county": 70, "lat": "-1.196666", "lon": "36.843206", "partner": null, "owner": 6, "kmhfltest_id": "9e2235be-ca76-497a-b55b-0826588d35aa"}}, {"model": "facilities.facility_info", "pk": "97745f2e-8b47-45cb-bc9e-c1bf29df491f", "fields": {"mfl_code": null, "name": "Phoenecia Nursing Home", "county": 22, "sub_county": 70, "lat": "-1.201201", "lon": "36.837643", "partner": null, "owner": 6, "kmhfltest_id": "8cf00e58-7249-41b3-b1b8-3041de9fdb57"}}, {"model": "facilities.facility_info", "pk": "981893d7-8488-4319-b976-747873551b71", "fields": {"mfl_code": 10017, "name": "Aguthi Dispensary", "county": 19, "sub_county": 75, "lat": "-0.541850", "lon": "37.023990", "partner": null, "owner": 2, "kmhfltest_id": "e112375d-d14c-4624-ac2f-5c63de670748"}}, {"model": "facilities.facility_info", "pk": "aab8fae5-7946-41c5-8e5a-aa4a0814d6a7", "fields": {"mfl_code": 25247, "name": "Ole Keem Health Center", "county": 22, "sub_county": 70, "lat": "-1.196695", "lon": "36.843075", "partner": null, "owner": 6, "kmhfltest_id": "b5b7b21d-8ae5-4497-a41a-c0b99764b400"}}, {"model": "facilities.facility_info", "pk": "ae08ee0e-feaa-4adc-8e9a-505aeb1c435a", "fields": {"mfl_code": 25251, "name": "ug urban health centre", "county": 22, "sub_county": 70, "lat": "-1.196660", "lon": "36.842950", "partner": null, "owner": 2, "kmhfltest_id": "8b8161d2-73b7-4761-9aa4-cb29ec00fe67"}}, {"model": "facilities.facility_info", "pk": "ae349b0d-94d6-43aa-b386-47cea8675949", "fields": {"mfl_code": 24716, "name": "Menduki Medical Services- Ngangarithi", "county": 19, "sub_county": 68, "lat": "-0.425269", "lon": "36.949237", "partner": null, "owner": 6, "kmhfltest_id": "32c6bd99-a705-4a0c-8c0e-846f01b153f0"}}, {"model": "facilities.facility_info", "pk": "bb848e54-8f33-4598-a48c-58513499884d", "fields": {"mfl_code": null, "name": "Afya1 Bora Hospital", "county": 32, "sub_county": 52, "lat": "-0.773115", "lon": "36.420670", "partner": null, "owner": 2, "kmhfltest_id": "49af0d9a-343d-4ce2-ae34-f2c5aab1841c"}}, {"model": "facilities.facility_info", "pk": "bbc55b65-56e9-4d74-bb43-9b1337b48bef", "fields": {"mfl_code": 25252, "name": "Kuya Health Centre", "county": 22, "sub_county": 70, "lat": "-1.196692", "lon": "36.842998", "partner": null, "owner": 2, "kmhfltest_id": "b628fdbe-000e-48fc-9698-d836eb5d05fb"}}, {"model": "facilities.facility_info", "pk": "c4a42e4f-4c23-41cc-91bc-2d1a404cd149", "fields": {"mfl_code": null, "name": "Majala", "county": 22, "sub_county": 70, "lat": "-1.196726", "lon": "36.843061", "partner": null, "owner": 6, "kmhfltest_id": "1a40a228-0a35-445a-8cc9-aeba63a90b82"}}, {"model": "facilities.facility_info", "pk": "cc3dc1ff-3ea4-4e15-a6ac-6930e1e809ea", "fields": {"mfl_code": 25256, "name": "Phonecia  Hospital", "county": 22, "sub_county": 70, "lat": "-1.196713", "lon": "36.843063", "partner": null, "owner": 2, "kmhfltest_id": "14ed5e9a-add4-4340-98c7-94b85114df36"}}, {"model": "facilities.facility_info", "pk": "df0dfb78-1715-480f-bd3c-aa9b4b38dbd9", "fields": {"mfl_code": null, "name": "St Lucy Health Center", "county": 40, "sub_county": 74, "lat": null, "lon": null, "partner": null, "owner": 5, "kmhfltest_id": "757554ed-c51e-4aa7-b1ea-7ec84b330069"}}, {"model": "facilities.facility_info", "pk": "e0dbd880-18e5-475b-9af6-235a38f3e493", "fields": {"mfl_code": null, "name": "Sample Health Facility 23 Sep 2021", "county": 22, "sub_county": 71, "lat": "-1.119075", "lon": "36.755950", "partner": null, "owner": 2, "kmhfltest_id": "7513f51f-5f09-4ba1-89d0-2c6f581de45d"}}, {"model": "facilities.facility_info", "pk": "e4789e2d-b6fd-4901-873d-ca360b5d9486", "fields": {"mfl_code": null, "name": "Martini Med Clinic", "county": 22, "sub_county": 70, "lat": null, "lon": null, "partner": null, "owner": 6, "kmhfltest_id": "b9a9272f-b2e6-4782-af2c-7f23eb07fa82"}}, {"model": "facilities.facility_info", "pk": "f1f1b6fc-2dc9-46c7-9ba4-8e9e9f3be8e9", "fields": {"mfl_code": 21927, "name": "Gathehu disp", "county": 19, "sub_county": 67, "lat": null, "lon": null, "partner": null, "owner": 2, "kmhfltest_id": "8ec64374-d159-4c7c-82e8-a3bf5d9ab8d3"}}, {"model": "facilities.facility_info", "pk": "f3730f44-8050-4465-9c39-8a5ad3559e74", "fields": {"mfl_code": null, "name": "Ngerenya Yehu Dispensary", "county": 22, "sub_county": 70, "lat": "-1.196659", "lon": "36.842997", "partner": null, "owner": 2, "kmhfltest_id": "649c24f6-e42c-4a91-890b-18f677c54746"}}, {"model": "facilities.facility_info", "pk": "fedd84d7-8aba-40b0-b099-e1ac7070c5ff", "fields": {"mfl_code": 25248, "name": "Phoenicia Test Facility Group 2", "county": 22, "sub_county": 70, "lat": "-1.197040", "lon": "36.842660", "partner": null, "owner": 2, "kmhfltest_id": "dc9e4a45-f0da-4220-8f2f-f667d8a8b9be"}}, {"model": "facilities.emr_info", "pk": 99, "fields": {"type": null, "status": null, "ovc": null, "otz": null, "prep": null, "tb": null, "kp": null, "mnch": null, "lab_manifest": null, "for_version": "original", "facility_info": "981893d7-8488-4319-b976-747873551b71", "facility_edits": null}}, {"model": "facilities.emr_info", "pk": 100, "fields": {"type": null, "status": null, "ovc": null, "otz": null, "prep": null, "tb": null, "kp": null, "mnch": null, "lab_manifest": null, "for_version": "original", "facility_info": "f1f1b6fc-2dc9-46c7-9ba4-8e9e9f3be8e9", "facility_edits": null}}, {"model": "facilities.emr_info", "pk": 101, "fields": {"type": null, "status": null, "ovc": null, "otz": null, "prep": null, "tb": null, "kp": null, "mnch": null, "lab_manifest": null, "for_version": "original", "facility_info": "ae349b0d-94d6-43aa-b386-47cea8675949", "facility_edits": null}}, {"model": "facilities.emr_info", "pk": 102, "fields": {"type": null, "status": null, "ovc": null, "otz": null, "prep": null, "tb": null, "kp": null, "mnch": null, "lab_manifest": null, "for_version": "original", "facility_info": "1d957ee0-91ab-4ccb-acb6-9a1a7a18242f", "facility_edits": null}}, {"model": "facilities.emr_info", "pk": 103, "fields": {"type": null, "status": null, "ovc": null, "otz": null, "prep": null, "tb": null, "kp": null, "mnch": null, "lab_manifest": null, "for_version": "original", "facility_info": "7818c5a9-3ab3-4fae-af61-0b6bfdf5d6c6", "facility_edits": null}}, {"model": "facilities.emr_info", "pk": 104, "fields": {"type": null, "status": null, "ovc": null, "otz": null, "prep": null, "tb": null, "kp": null, "mnch": null, "lab_manifest": null, "for_version": "original", "facility_info": "5635fbdc-e218-4557-b0dc-698cceda0c50", "facility_edits": null}}, {"model": "facilities.emr_info", "pk": 105, "fields": {"type": null, "status": null, "ovc": null, "otz": null, "prep": null, "tb": null, "kp": null, "mnch": null, "lab_manifest": null, "for_version": "original", "facility_info": "fedd84d7-8aba-40b0-b099-e1ac7070c5ff", "facility_edits": null}}, {"model": "facilities.emr_info", "pk": 106, "fields": {"type": null, "status": null, "ovc": null, "otz": null, "prep": null, "tb": null, "kp": null, "mnch": null, "lab_manifest": null, "for_version": "original", "facility_info": "c4a42e4f-4c23-41cc-91bc-2d1a404cd149", "facility_edits": null}}, {"model": "facilities.emr_info", "pk": 107, "fields": {"type": null, "status": null, "ovc": null, "otz": null, "prep": null, "tb": null, "kp": null, "mnch": null, "lab_manifest": null, "for_version": "original", "facility_info": "1e0c0e16-30c7-4c4a-a50c-2471ff6fe8c7", "facility_edits": null}}, {"model": "facilities.emr_info", "pk": 108, "fields": {"type": null, "status": null, "ovc": null, "otz": null, "prep": null, "tb": null, "kp": null, "mnch": null, "lab_manifest": null, "for_version": "original", "facility_info": "323aa20f-7dd6-4e49-bfb4-acdc4ddc2f18", "facility_edits": null}}, {"model": "facilities.emr_info", "pk": 109, "fields": {"type": null, "status": null, "ovc": null, "otz": null, "prep": null, "tb": null, "kp": null, "mnch": null, "lab_manifest": null, "for_version": "original", "facility_info": "f3730f44-8050-4465-9c39-8a5ad3559e74", "facility_edits": null}}, {"model": "facilities.emr_info", "pk": 110, "fields": {"type": null, "status": null, "ovc": null, "otz": null, "prep": null, "tb": null, "kp": null, "mnch": null, "lab_manifest": null, "for_version": "original", "facility_info": "aab8fae5-7946-41c5-8e5a-aa4a0814d6a7", "facility_edits": null}}, {"model": "facilities.emr_info", "pk": 111, "fields": {"type": null, "status": null, "ovc": null, "otz": null, "prep": null, "tb": null, "kp": null, "mnch": null, "lab_manifest": null, "for_version": "original", "facility_info": "e4789e2d-b6fd-4901-873d-ca360b5d9486", "facility_edits": null}}, {"model": "facilities.emr_info", "pk": 112, "fields": {"type": null, "status": null, "ovc": null, "otz": null, "prep": null, "tb": null, "kp": null, "mnch": null, "lab_manifest": null, "for_version": "original", "facility_info": "1884cf45-76c6-4991-b001-10953005eb97", "facility_edits": null}}, {"model": "facilities.emr_info", "pk": 113, "fields": {"type": null, "status": null, "ovc": null, "otz": null, "prep": null, "tb": null, "kp": null, "mnch": null, "lab_manifest": null, "for_version": "original", "facility_info": "bbc55b65-56e9-4d74-bb43-9b1337b48bef", "facility_edits": null}}, {"model": "facilities.emr_info", "pk": 114, "fields": {"type": null, "status": null, "ovc": null, "otz": null, "prep": null, "tb": null, "kp": null, "mnch": null, "lab_manifest": null, "for_version": "original", "facility_info": "cc3dc1ff-3ea4-4e15-a6ac-6930e1e809ea", "facility_edits": null}}, {"model": "facilities.emr_info", "pk": 115, "fields": {"type": null, "status": null, "ovc": null, "otz": null, "prep": null, "tb": null, "kp": null, "mnch": null, "lab_manifest": null, "for_version": "original", "facility_info": "96c22d02-a9a6-4d0f-b355-d5058e927fb9", "facility_edits": null}}, {"model": "facilities.emr_info", "pk": 116, "fields": {"type": null, "status": null, "ovc": null, "otz": null, "prep": null, "tb": null, "kp": null, "mnch": null, "lab_manifest": null, "for_version": "original", "facility_info": "2e73dac3-57a0-4c0d-b1e6-096918698c08", "facility_edits": null}}, {"model": "facilities.emr_info", "pk": 117, "fields": {"type": null, "status": null, "ovc": null, "otz": null, "prep": null, "tb": null, "kp": null, "mnch": null, "lab_manifest": null, "for_version": "original", "facility_info": "ae08ee0e-feaa-4adc-8e9a-505aeb1c435a", "facility_edits": null}}, {"model": "facilities.emr_info", "pk": 118, "fields": {"type": null, "status": null, "ovc": null, "otz": null, "prep": null, "tb": null, "kp": null, "mnch": null, "lab_manifest": null, "for_version": "original", "facility_info": "97745f2e-8b47-45cb-bc9e-c1bf29df491f", "facility_edits": null}}, {"model": "facilities.emr_info", "pk": 119, "fields": {"type": null, "status": null, "ovc": null, "otz": null, "prep": null, "tb": null, "kp": null, "mnch": null, "lab_manifest": null, "for_version": "original", "facility_info": "03471d24-24e2-42ad-8b3e-4739dff796fb", "facility_edits": null}}, {"model": "facilities.emr_info", "pk": 120, "fields": {"type": null, "status": null, "ovc": null, "otz": null, "prep": null, "tb": null, "kp": null, "mnch": null, "lab_manifest": null, "for_version": "original", "facility_info": "e0dbd880-18e5-475b-9af6-235a38f3e493", "facility_edits": null}}, {"model": "facilities.emr_info", "pk": 121, "fields": {"type": null, "status": null, "ovc": null, "otz": null, "prep": null, "tb": null, "kp": null, "mnch": null, "lab_manifest": null, "for_version": "original", "facility_info": "0d46f54e-c246-45af-9fc3-6be9fc582c32", "facility_edits": null}}, {"model": "facilities.emr_info", "pk": 122, "fields": {"type": null, "status": null, "ovc": null, "otz": null, "prep": null, "tb": null, "kp": null, "mnch": null, "lab_manifest": null, "for_version": "original", "facility_info": "8ded457c-4f73-49d3-bf46-85a4575763c5", "facility_edits": null}}, {"model": "facilities.emr_info", "pk": 123, "fields": {"type": null, "status": null, "ovc": null, "otz": null, "prep": null, "tb": null, "kp": null, "mnch": null, "lab_manifest": null, "for_version": "original", "facility_info": "5c0dd70a-2afb-4da6-8892-9db8200039af", "facility_edits": null}}, {"model": "facilities.emr_info", "pk": 124, "fields": {"type": null, "status": null, "ovc": null, "otz": null, "prep": null, "tb": null, "kp": null, "mnch": null, "lab_manifest": null, "for_version": "original", "facility_info": "8a93687c-08a9-4318-be59-7a7eeab5e8a2", "facility_edits": null}}, {"model": "facilities.emr_info", "pk": 125, "fields": {"type": null, "status": null, "ovc": null, "otz": null, "prep": null, "tb": null, "kp": null, "mnch": null, "lab_manifest": null, "for_version": "original", "facility_info": "df0dfb78-1715-480f-bd3c-aa9b4b38dbd9", "facility_edits": null}}, {"model": "facilities.emr_info", "pk": 126, "fields": {"type": null, "status": null, "ovc": null, "otz": null, "prep": null, "tb": null, "kp": null, "mnch": null, "lab_manifest": null, "for_version": "original", "facility_info": "bb848e54-8f33-4598-a48c-58513499884d", "facility_edits": null}}, {"model": "facilities.emr_info", "pk": 127, "fields": {"type": null, "status": null, "ovc": null, "otz": null, "prep": null, "tb": null, "kp": null, "mnch": null, "lab_manifest": null, "for_version": "original", "facility_info": "907b0d39-2faf-4e86-bf9d-4daaf1643828", "facility_edits": null}}, {"model": "facilities.emr_info", "pk": 128, "fields": {"type": null, "status": null, "ovc": null, "otz": null, "prep": null, "tb": null, "kp": null, "mnch": null, "lab_manifest": null, "for_version": "original", "facility_info": "96b34764-0ffd-48cb-ac83-f71764f2983f", "facility_edits": null}}, {"model": "facilities.hts_info", "pk": 99, "fields": {"status": null, "hts_use_name": null, "deployment": null, "for_version": "original", "facility_info": "981893d7-8488-4319-b976-747873551b71", "facility_edits": null}}, {"model": "facilities.hts_info", "pk": 100, "fields": {"status": null, "hts_use_name": null, "deployment": null, "for_version": "original", "facility_info": "f1f1b6fc-2dc9-46c7-9ba4-8e9e9f3be8e9", "facility_edits": null}}, {"model": "facilities.hts_info", "pk": 101, "fields": {"status": null, "hts_use_name": null, "deployment": null, "for_version": "original", "facility_info": "ae349b0d-94d6-43aa-b386-47cea8675949", "facility_edits": null}}, {"model": "facilities.hts_info", "pk": 102, "fields": {"status": null, "hts_use_name": null, "deployment": null, "for_version": "original", "facility_info": "1d957ee0-91ab-4ccb-acb6-9a1a7a18242f", "facility_edits": null}}, {"model": "facilities.hts_info", "pk": 103, "fields": {"status": null, "hts_use_name": null, "deployment": null, "for_version": "original", "facility_info": "7818c5a9-3ab3-4fae-af61-0b6bfdf5d6c6", "facility_edits": null}}, {"model": "facilities.hts_info", "pk": 104, "fields": {"status": null, "hts_use_name": null, "deployment": null, "for_version": "original", "facility_info": "5635fbdc-e218-4557-b0dc-698cceda0c50", "facility_edits": null}}, {"model": "facilities.hts_info", "pk": 105, "fields": {"status": null, "hts_use_name": null, "deployment": null, "for_version": "original", "facility_info": "fedd84d7-8aba-40b0-b099-e1ac7070c5ff", "facility_edits": null}}, {"model": "facilities.hts_info", "pk": 106, "fields": {"status": null, "hts_use_name": null, "deployment": null, "for_version": "original", "facility_info": "c4a42e4f-4c23-41cc-91bc-2d1a404cd149", "facility_edits": null}}, {"model": "facilities.hts_info", "pk": 107, "fields": {"status": null, "hts_use_name": null, "deployment": null, "for_version": "original", "facility_info": "1e0c0e16-30c7-4c4a-a50c-2471ff6fe8c7", "facility_edits": null}}, {"model": "facilities.hts_info", "pk": 108, "fields": {"status": null, "hts_use_name": null, "deployment": null, "for_version": "original", "facility_info": "323aa20f-7dd6-4e49-bfb4-acdc4ddc2f18", "facility_edits": null}}, {"model": "facilities.hts_info", "pk": 109, "fields": {"status": null, "hts_use_name": null, "deployment": null, "for_version": "original", "facility_info": "f3730f44-8050-4465-9c39-8a5ad3559e74", "facility_edits": null}}, {"model": "facilities.hts_info", "pk": 110, "fields": {"status": null, "hts_use_name": null, "deployment": null, "for_version": "original", "facility_info": "aab8fae5-7946-41c5-8e5a-aa4a0814d6a7", "facility_edits": null}}, {"model": "facilities.hts_info", "pk": 111, "fields": {"status": null, "hts_use_name": null, "deployment": null, "for_version": "original", "facility_info": "e4789e2d-b6fd-4901-873d-ca360b5d9486", "facility_edits": null}}, {"model": "facilities.hts_info", "pk": 112, "fields": {"status": null, "hts_use_name": null, "deployment": null, "for_version": "original", "facility_info": "1884cf45-76c6-4991-b001-10953005eb97", "facility_edits": null}}, {"model": "facilities.hts_info", "pk": 113, "fields": {"status": null, "hts_use_name": null, "deployment": null, "for_version": "original", "facility_info": "bbc55b65-56e9-4d74-bb43-9b1337b48bef", "facility_edits": null}}, {"model": "facilities.hts_info", "pk": 114, "fields": {"status": null, "hts_use_name": null, "deployment": null, "for_version": "original", "facility_info": "cc3dc1ff-3ea4-4e15-a6ac-6930e1e809ea", "facility_edits": null}}, {"model": "facilities.hts_info", "pk": 115, "fields": {"status": null, "hts_use_name": null, "deployment": null, "for_version": "original", "facility_info": "96c22d02-a9a6-4d0f-b355-d5058e927fb9", "facility_edits": null}}, {"model": "facilities.hts_info", "pk": 116, "fields": {"status": null, "hts_use_name": null, "deployment": null, "for_version": "original", "facility_info": "2e73dac3-57a0-4c0d-b1e6-096918698c08", "facility_edits": null}}, {"model": "facilities.hts_info", "pk": 117, "fields": {"status": null, "hts_use_name": null, "deployment": null, "for_version": "original", "facility_info": "ae08ee0e-feaa-4adc-8e9a-505aeb1c435a", "facility_edits": null}}, {"model": "facilities.hts_info", "pk": 118, "fields": {"status": null, "hts_use_name": null, "deployment": null, "for_version": "original", "facility_info": "97745f2e-8b47-45cb-bc9e-c1bf29df491f", "facility_edits": null}}, {"model": "facilities.hts_info", "pk": 119, "fields": {"status": null, "hts_use_name": null, "deployment": null, "for_version": "original", "facility_info": "03471d24-24e2-42ad-8b3e-4739dff796fb", "facility_edits": null}}, {"model": "facilities.hts_info", "pk": 120, "fields": {"status": null, "hts_use_name": null, "deployment": null, "for_version": "original", "facility_info": "e0dbd880-18e5-475b-9af6-235a38f3e493", "facility_edits": null}}, {"model": "facilities.hts_info", "pk": 121, "fields": {"status": null, "hts_use_name": null, "deployment": null, "for_version": "original", "facility_info": "0d46f54e-c246-45af-9fc3-6be9fc582c32", "facility_edits": null}}, {"model": "facilities.hts_info", "pk": 122, "fields": {"status": null, "hts_use_name": null, "deployment": null, "for_version": "original", "facility_info": "8ded457c-4f73-49d3-bf46-85a4575763c5", "facility_edits": null}}, {"model": "facilities.hts_info", "pk": 123, "fields": {"status": null, "hts_use_name": null, "deployment": null, "for_version": "original", "facility_info": "5c0dd70a-2afb-4da6-8892-9db8200039af", "facility_edits": null}}, {"model": "facilities.hts_info", "pk": 124, "fields": {"status": null, "hts_use_name": null, "deployment": null, "for_version": "original", "facility_info": "8a93687c-08a9-4318-be59-7a7eeab5e8a2", "facility_edits": null}}, {"model": "facilities.hts_info", "pk": 125, "fields": {"status": null, "hts_use_name": null, "deployment": null, "for_version": "original", "facility_info": "df0dfb78-1715-480f-bd3c-aa9b4b38dbd9", "facility_edits": null}}, {"model": "facilities.hts_info", "pk": 126, "fields": {"status": null, "hts_use_name": null, "deployment": null, "for_version": "original", "facility_info": "bb848e54-8f33-4598-a48c-58513499884d", "facility_edits": null}}, {"model": "facilities.hts_info", "pk": 127, "fields": {"status": null, "hts_use_name": null, "deployment": null, "for_version": "original", "facility_info": "907b0d39-2faf-4e86-bf9d-4daaf1643828", "facility_edits": null}}, {"model": "facilities.hts_info", "pk": 128, "fields": {"status": null, "hts_use_name": null, "deployment": null, "for_version": "original", "facility_info": "96b34764-0ffd-48cb-ac83-f71764f2983f", "facility_edits": null}}, {"model": "facilities.il_info", "pk": 98, "fields": {"status": null, "three_PM": null, "webADT_registration": null, "webADT_pharmacy": null, "for_version": "original", "facility_info": "981893d7-8488-4319-b976-747873551b71", "facility_edits": null}}, {"model": "facilities.il_info", "pk": 99, "fields": {"status": null, "three_PM": null, "webADT_registration": null, "webADT_pharmacy": null, "for_version": "original", "facility_info": "f1f1b6fc-2dc9-46c7-9ba4-8e9e9f3be8e9", "facility_edits": null}}, {"model": "facilities.il_info", "pk": 100, "fields": {"status": null, "three_PM": null, "webADT_registration": null, "webADT_pharmacy": null, "for_version": "original", "facility_info": "ae349b0d-94d6-43aa-b386-47cea8675949", "facility_edits": null}}, {"model": "facilities.il_info", "pk": 101, "fields": {"status": null, "three_PM": null, "webADT_registration": null, "webADT_pharmacy": null, "for_version": "original", "facility_info": "1d957ee0-91ab-4ccb-acb6-9a1a7a18242f", "facility_edits": null}}, {"model": "facilities.il_info", "pk": 102, "fields": {"status": null, "three_PM": null, "webADT_registration": null, "webADT_pharmacy": null, "for_version": "original", "facility_info": "7818c5a9-3ab3-4fae-af61-0b6bfdf5d6c6", "facility_edits": null}}, {"model": "facilities.il_info", "pk": 103, "fields": {"status": null, "three_PM": null, "webADT_registration": null, "webADT_pharmacy": null, "for_version": "original", "facility_info": "5635fbdc-e218-4557-b0dc-698cceda0c50", "facility_edits": null}}, {"model": "facilities.il_info", "pk": 104, "fields": {"status": null, "three_PM": null, "webADT_registration": null, "webADT_pharmacy": null, "for_version": "original", "facility_info": "fedd84d7-8aba-40b0-b099-e1ac7070c5ff", "facility_edits": null}}, {"model": "facilities.il_info", "pk": 105, "fields": {"status": null, "three_PM": null, "webADT_registration": null, "webADT_pharmacy": null, "for_version": "original", "facility_info": "c4a42e4f-4c23-41cc-91bc-2d1a404cd149", "facility_edits": null}}, {"model": "facilities.il_info", "pk": 106, "fields": {"status": null, "three_PM": null, "webADT_registration": null, "webADT_pharmacy": null, "for_version": "original", "facility_info": "1e0c0e16-30c7-4c4a-a50c-2471ff6fe8c7", "facility_edits": null}}, {"model": "facilities.il_info", "pk": 107, "fields": {"status": null, "three_PM": null, "webADT_registration": null, "webADT_pharmacy": null, "for_version": "original", "facility_info": "323aa20f-7dd6-4e49-bfb4-acdc4ddc2f18", "facility_edits": null}}, {"model": "facilities.il_info", "pk": 108, "fields": {"status": null, "three_PM": null, "webADT_registration": null, "webADT_pharmacy": null, "for_version": "original", "facility_info": "f3730f44-8050-4465-9c39-8a5ad3559e74", "facility_edits": null}}, {"model": "facilities.il_info", "pk": 109, "fields": {"status": null, "three_PM": null, "webADT_registration": null, "webADT_pharmacy": null, "for_version": "original", "facility_info": "aab8fae5-7946-41c5-8e5a-aa4a0814d6a7", "facility_edits": null}}, {"model": "facilities.il_info", "pk": 110, "fields": {"status": null, "three_PM": null, "webADT_registration": null, "webADT_pharmacy": null, "for_version": "original", "facility_info": "e4789e2d-b6fd-4901-873d-ca360b5d9486", "facility_edits": null}}, {"model": "facilities.il_info", "pk": 111, "fields": {"status": null, "three_PM": null, "webADT_registration": null, "webADT_pharmacy": null, "for_version": "original", "facility_info": "1884cf45-76c6-4991-b001-10953005eb97", "facility_edits": null}}, {"model": "facilities.il_info", "pk": 112, "fields": {"status": null, "three_PM": null, "webADT_registration": null, "webADT_pharmacy": null, "for_version": "original", "facility_info": "bbc55b65-56e9-4d74-bb43-9b1337b48bef", "facility_edits": null}}, {"model": "facilities.il_info", "pk": 113, "fields": {"status": null, "three_PM": null, "webADT_registration": null, "webADT_pharmacy": null, "for_version": "original", "facility_info": "cc3dc1ff-3ea4-4e15-a6ac-6930e1e809ea", "facility_edits": null}}, {"model": "facilities.il_info", "pk": 114, "fields": {"status": null, "three_PM": null, "webADT_registration": null, "webADT_pharmacy": null, "for_version": "original", "facility_info": "96c22d02-a9a6-4d0f-b355-d5058e927fb9", "facility_edits": null}}, {"model": "facilities.il_info", "pk": 115, "fields": {"status": null, "three_PM": null, "webADT_registration": null, "webADT_pharmacy": null, "for_version": "original", "facility_info": "2e73dac3-57a0-4c0d-b1e6-096918698c08", "facility_edits": null}}, {"model": "facilities.il_info", "pk": 116, "fields": {"status": null, "three_PM": null, "webADT_registration": null, "webADT_pharmacy": null, "for_version": "original", "facility_info": "ae08ee0e-feaa-4adc-8e9a-505aeb1c435a", "facility_edits": null}}, {"model": "facilities.il_info", "pk": 117, "fields": {"status": null, "three_PM": null, "webADT_registration": null, "webADT_pharmacy": null, "for_version": "original", "facility_info": "97745f2e-8b47-45cb-bc9e-c1bf29df491f", "facility_edits": null}}, {"model": "facilities.il_info", "pk": 118, "fields": {"status": null, "three_PM": null, "webADT_registration": null, "webADT_pharmacy": null, "for_version": "original", "facility_info": "03471d24-24e2-42ad-8b3e-4739dff796fb", "facility_edits": null}}, {"model": "facilities.il_info", "pk": 119, "fields": {"status": null, "three_PM": null, "webADT_registration": null, "webADT_pharmacy": null, "for_version": "original", "facility_info": "e0dbd880-18e5-475b-9af6-235a38f3e493", "facility_edits": null}}, {"model": "facilities.il_info", "pk": 120, "fields": {"status": null, "three_PM": null, "webADT_registration": null, "webADT_pharmacy": null, "for_version": "original", "facility_info": "0d46f54e-c246-45af-9fc3-6be9fc582c32", "facility_edits": null}}, {"model": "facilities.il_info", "pk": 121, "fields": {"status": null, "three_PM": null, "webADT_registration": null, "webADT_pharmacy": null, "for_version": "original", "facility_info": "8ded457c-4f73-49d3-bf46-85a4575763c5", "facility_edits": null}}, {"model": "facilities.il_info", "pk": 122, "fields": {"status": null, "three_PM": null, "webADT_registration": null, "webADT_pharmacy": null, "for_version": "original", "facility_info": "5c0dd70a-2afb-4da6-8892-9db8200039af", "facility_edits": null}}, {"model": "facilities.il_info", "pk": 123, "fields": {"status": null, "three_PM": null, "webADT_registration": null, "webADT_pharmacy": null, "for_version": "original", "facility_info": "8a93687c-08a9-4318-be59-7a7eeab5e8a2", "facility_edits": null}}, {"model": "facilities.il_info", "pk": 124, "fields": {"status": null, "three_PM": null, "webADT_registration": null, "webADT_pharmacy": null, "for_version": "original", "facility_info": "df0dfb78-1715-480f-bd3c-aa9b4b38dbd9", "facility_edits": null}}, {"model": "facilities.il_info", "pk": 125, "fields": {"status": null, "three_PM": null, "webADT_registration": null, "webADT_pharmacy": null, "for_version": "original", "facility_info": "bb848e54-8f33-4598-a48c-58513499884d", "facility_edits": null}}, {"model": "facilities.il_info", "pk": 126, "fields": {"status": null, "three_PM": null, "webADT_registration": null, "webADT_pharmacy": null, "for_version": "original", "facility_info": "907b0d39-2faf-4e86-bf9d-4daaf1643828", "facility_edits": null}}, {"model": "facilities.il_info", "pk": 127, "fields": {"status": null, "three_PM": null, "webADT_registration": null, "webADT_pharmacy": null, "for_version": "original", "facility_info": "96b34764-0ffd-48cb-ac83-f71764f2983f", "facility_edits": null}}, {"model": "facilities.mhealth_info", "pk": 94, "fields": {"Ushauri": null, "C4C": null, "Nishauri": null, "Mlab": null, "ART_Directory": null, "Psurvey": null, "for_version": "original", "facility_info": "981893d7-8488-4319-b976-747873551b71", "facility_edits": null}}, {"model": "facilities.mhealth_info", "pk": 95, "fields": {"Ushauri": null, "C4C": null, "Nishauri": null, "Mlab": null, "ART_Directory": null, "Psurvey": null, "for_version": "original", "facility_info": "f1f1b6fc-2dc9-46c7-9ba4-8e9e9f3be8e9", "facility_edits": null}}, {"model": "facilities.mhealth_info", "pk": 96, "fields": {"Ushauri": null, "C4C": null, "Nishauri": null, "Mlab": null, "ART_Directory": null, "Psurvey": null, "for_version": "original", "facility_info": "ae349b0d-94d6-43aa-b386-47cea8675949", "facility_edits": null}}, {"model": "facilities.mhealth_info", "pk": 97, "fields": {"Ushauri": null, "C4C": null, "Nishauri": null, "Mlab": null, "ART_Directory": null, "Psurvey": null, "for_version": "original", "facility_info": "1d957ee0-91ab-4ccb-acb6-9a1a7a18242f", "facility_edits": null}}, {"model": "facilities.mhealth_info", "pk": 98, "fields": {"Ushauri": null, "C4C": null, "Nishauri": null, "Mlab": null, "ART_Directory": null, "Psurvey": null, "for_version": "original", "facility_info": "7818c5a9-3ab3-4fae-af61-0b6bfdf5d6c6", "facility_edits": null}}, {"model": "facilities.mhealth_info", "pk": 99, "fields": {"Ushauri": null, "C4C": null, "Nishauri": null, "Mlab": null, "ART_Directory": null, "Psurvey": null, "for_version": "original", "facility_info": "5635fbdc-e218-4557-b0dc-698cceda0c50", "facility_edits": null}}, {"model": "facilities.mhealth_info", "pk": 100, "fields": {"Ushauri": null, "C4C": null, "Nishauri": null, "Mlab": null, "ART_Directory": null, "Psurvey": null, "for_version": "original", "facility_info": "fedd84d7-8aba-40b0-b099-e1ac7070c5ff", "facility_edits": null}}, {"model": "facilities.mhealth_info", "pk": 101, "fields": {"Ushauri": null, "C4C": null, "Nishauri": null, "Mlab": null, "ART_Directory": null, "Psurvey": null, "for_version": "original", "facility_info": "c4a42e4f-4c23-41cc-91bc-2d1a404cd149", "facility_edits": null}}, {"model": "facilities.mhealth_info", "pk": 102, "fields": {"Ushauri": null, "C4C": null, "Nishauri": null, "Mlab": null, "ART_Directory": null, "Psurvey": null, "for_version": "original", "facility_info": "1e0c0e16-30c7-4c4a-a50c-2471ff6fe8c7", "facility_edits": null}}, {"model": "facilities.mhealth_info", "pk": 103, "fields": {"Ushauri": null, "C4C": null, "Nishauri": null, "Mlab": null, "ART_Directory": null, "Psurvey": null, "for_version": "original", "facility_info": "323aa20f-7dd6-4e49-bfb4-acdc4ddc2f18", "facility_edits": null}}, {"model": "facilities.mhealth_info", "pk": 104, "fields": {"Ushauri": null, "C4C": null, "Nishauri": null, "Mlab": null, "ART_Directory": null, "Psurvey": null, "for_version": "original", "facility_info": "f3730f44-8050-4465-9c39-8a5ad3559e74", "facility_edits": null}}, {"model": "facilities.mhealth_info", "pk": 105, "fields": {"Ushauri": null, "C4C": null, "Nishauri": null, "Mlab": null, "ART_Directory": null, "Psurvey": null, "for_version": "original", "facility_info": "aab8fae5-7946-41c5-8e5a-aa4a0814d6a7", "facility_edits": null}}, {"model": "facilities.mhealth_info", "pk": 106, "fields": {"Ushauri": null, "C4C": null, "Nishauri": null, "Mlab": null, "ART_Directory": null, "Psurvey": null, "for_version": "original", "facility_info": "e4789e2d-b6fd-4901-873d-ca360b5d9486", "facility_edits": null}}, {"model": "facilities.mhealth_info", "pk": 107, "fields": {"Ushauri": null, "C4C": null, "Nishauri": null, "Mlab": null, "ART_Directory": null, "Psurvey": null, "for_version": "original", "facility_info": "1884cf45-76c6-4991-b001-10953005eb97", "facility_edits": null}}, {"model": "facilities.mhealth_info", "pk": 108, "fields": {"Ushauri": null, "C4C": null, "Nishauri": null, "Mlab": null, "ART_Directory": null, "Psurvey": null, "for_version": "original", "facility_info": "bbc55b65-56e9-4d74-bb43-9b1337b48bef", "facility_edits": null}}, {"model": "facilities.mhealth_info", "pk": 109, "fields": {"Ushauri": null, "C4C": null, "Nishauri": null, "Mlab": null, "ART_Directory": null, "Psurvey": null, "for_version": "original", "facility_info": "cc3dc1ff-3ea4-4e15-a6ac-6930e1e809ea", "facility_edits": null}}, {"model": "facilities.mhealth_info", "pk": 110, "fields": {"Ushauri": null, "C4C": null, "Nishauri": null, "Mlab": null, "ART_Directory": null, "Psurvey": null, "for_version": "original", "facility_info": "96c22d02-a9a6-4d0f-b355-d5058e927fb9", "facility_edits": null}}, {"model": "facilities.mhealth_info", "pk": 111, "fields": {"Ushauri": null, "C4C": null, "Nishauri": null, "Mlab": null, "ART_Directory": null, "Psurvey": null, "for_version": "original", "facility_info": "2e73dac3-57a0-4c0d-b1e6-096918698c08", "facility_edits": null}}, {"model": "facilities.mhealth_info", "pk": 112, "fields": {"Ushauri": null, "C4C": null, "Nishauri": null, "Mlab": null, "ART_Directory": null, "Psurvey": null, "for_version": "original", "facility_info": "ae08ee0e-feaa-4adc-8e9a-505aeb1c435a", "facility_edits": null}}, {"model": "facilities.mhealth_info", "pk": 113, "fields": {"Ushauri": null, "C4C": null, "Nishauri": null, "Mlab": null, "ART_Directory": null, "Psurvey": null, "for_version": "original", "facility_info": "97745f2e-8b47-45cb-bc9e-c1bf29df491f", "facility_edits": null}}, {"model": "facilities.mhealth_info", "pk": 114, "fields": {"Ushauri": null, "C4C": null, "Nishauri": null, "Mlab": null, "ART_Directory": null, "Psurvey": null, "for_version": "original", "facility_info": "03471d24-24e2-42ad-8b3e-4739dff796fb", "facility_edits": null}}, {"model": "facilities.mhealth_info", "pk": 115, "fields": {"Ushauri": null, "C4C": null, "Nishauri": null, "Mlab": null, "ART_Directory": null, "Psurvey": null, "for_version": "original", "facility_info": "e0dbd880-18e5-475b-9af6-235a38f3e493", "facility_edits": null}}, {"model": "facilities.mhealth_info", "pk": 116, "fields": {"Ushauri": null, "C4C": null, "Nishauri": null, "Mlab": null, "ART_Directory": null, "Psurvey": null, "for_version": "original", "facility_info": "0d46f54e-c246-45af-9fc3-6be9fc582c32", "facility_edits": null}}, {"model": "facilities.mhealth_info", "pk": 117, "fields": {"Ushauri": null, "C4C": null, "Nishauri": null, "Mlab": null, "ART_Directory": null, "Psurvey": null, "for_version": "original", "facility_info": "8ded457c-4f73-49d3-bf46-85a4575763c5", "facility_edits": null}}, {"model": "facilities.mhealth_info", "pk": 118, "fields": {"Ushauri": null, "C4C": null, "Nishauri": null, "Mlab": null, "ART_Directory": null, "Psurvey": null, "for_version": "original", "facility_info": "5c0dd70a-2afb-4da6-8892-9db8200039af", "facility_edits": null}}, {"model": "facilities.mhealth_info", "pk": 119, "fields": {"Ushauri": null, "C4C": null, "Nishauri": null, "Mlab": null, "ART_Directory": null, "Psurvey": null, "for_version": "original", "facility_info": "8a93687c-08a9-4318-be59-7a7eeab5e8a2", "facility_edits": null}}, {"model": "facilities.mhealth_info", "pk": 120, "fields": {"Ushauri": null, "C4C": null, "Nishauri": null, "Mlab": null, "ART_Directory": null, "Psurvey": null, "for_version": "original", "facility_info": "df0dfb78-1715-480f-bd3c-aa9b4b38dbd9", "facility_edits": null}}, {"model": "facilities.mhealth_info", "pk": 121, "fields": {"Ushauri": null, "C4C": null, "Nishauri": null, "Mlab": null, "ART_Directory": null, "Psurvey": null, "for_version": "original", "facility_info": "bb848e54-8f33-4598-a48c-58513499884d", "facility_edits": null}}, {"model": "facilities.mhealth_info", "pk": 122, "fields": {"Ushauri": null, "C4C": null, "Nishauri": null, "Mlab": null, "ART_Directory": null, "Psurvey": null, "for_version": "original", "facility_info": "907b0d39-2faf-4e86-bf9d-4daaf1643828", "facility_edits": null}}, {"model": "facilities.mhealth_info", "pk": 123, "fields": {"Ushauri": null, "C4C": null, "Nishauri": null, "Mlab": null, "ART_Directory": null, "Psurvey": null, "for_version": "original", "facility_info": "96b34764-0ffd-48cb-ac83-f71764f2983f", "facility_edits": null}}, {"model": "facilities.implementation_type", "pk": 100, "fields": {"ct": null, "hts": null, "il": null, "for_version": "original", "facility_info": "981893d7-8488-4319-b976-747873551b71", "facility_edits": null}}, {"model": "facilities.implementation_type", "pk": 101, "fields": {"ct": null, "hts": null, "il": null, "for_version": "original", "facility_info": "f1f1b6fc-2dc9-46c7-9ba4-8e9e9f3be8e9", "facility_edits": null}}, {"model": "facilities.implementation_type", "pk": 102, "fields": {"ct": null, "hts": null, "il": null, "for_version": "original", "facility_info": "ae349b0d-94d6-43aa-b386-47cea8675949", "facility_edits": null}}, {"model": "facilities.implementation_type", "pk": 103, "fields": {"ct": null, "hts": null, "il": null, "for_version": "original", "facility_info": "1d957ee0-91ab-4ccb-acb6-9a1a7a18242f", "facility_edits": null}}, {"model": "facilities.implementation_type", "pk": 104, "fields": {"ct": null, "hts": null, "il": null, "for_version": "original", "facility_info": "7818c5a9-3ab3-4fae-af61-0b6bfdf5d6c6", "facility_edits": null}}, {"model": "facilities.implementation_type", "pk": 105, "fields": {"ct": null, "hts": null, "il": null, "for_version": "original", "facility_info": "5635fbdc-e218-4557-b0dc-698cceda0c50", "facility_edits": null}}, {"model": "facilities.implementation_type", "pk": 106, "fields": {"ct": null, "hts": null, "il": null, "for_version": "original", "facility_info": "fedd84d7-8aba-40b0-b099-e1ac7070c5ff", "facility_edits": null}}, {"model": "facilities.implementation_type", "pk": 107, "fields": {"ct": null, "hts": null, "il": null, "for_version": "original", "facility_info": "c4a42e4f-4c23-41cc-91bc-2d1a404cd149", "facility_edits": null}}, {"model": "facilities.implementation_type", "pk": 108, "fields": {"ct": null, "hts": null, "il": null, "for_version": "original", "facility_info": "1e0c0e16-30c7-4c4a-a50c-2471ff6fe8c7", "facility_edits": null}}, {"model": "facilities.implementation_type", "pk": 109, "fields": {"ct": null, "hts": null, "il": null, "for_version": "original", "facility_info": "323aa20f-7dd6-4e49-bfb4-acdc4ddc2f18", "facility_edits": null}}, {"model": "facilities.implementation_type", "pk": 110, "fields": {"ct": null, "hts": null, "il": null, "for_version": "original", "facility_info": "f3730f44-8050-4465-9c39-8a5ad3559e74", "facility_edits": null}}, {"model": "facilities.implementation_type", "pk": 111, "fields": {"ct": null, "hts": null, "il": null, "for_version": "original", "facility_info": "aab8fae5-7946-41c5-8e5a-aa4a0814d6a7", "facility_edits": null}}, {"model": "facilities.implementation_type", "pk": 112, "fields": {"ct": null, "hts": null, "il": null, "for_version": "original", "facility_info": "e4789e2d-b6fd-4901-873d-ca360b5d9486", "facility_edits": null}}, {"model": "facilities.implementation_type", "pk": 113, "fields": {"ct": null, "hts": null, "il": null, "for_version": "original", "facility_info": "1884cf45-76c6-4991-b001-10953005eb97", "facility_edits": null}}, {"model": "facilities.implementation_type", "pk": 114, "fields": {"ct": null, "hts": null, "il": null, "for_version": "original", "facility_info": "bbc55b65-56e9-4d74-bb43-9b1337b48bef", "facility_edits": null}}, {"model": "facilities.implementation_type", "pk": 115, "fields": {"ct": null, "hts": null, "il": null, "for_version": "original", "facility_info": "cc3dc1ff-3ea4-4e15-a6ac-6930e1e809ea", "facility_edits": null}}, {"model": "facilities.implementation_type", "pk": 116, "fields": {"ct": null, "hts": null, "il": null, "for_version": "original", "facility_info": "96c22d02-a9a6-4d0f-b355-d5058e927fb9", "facility_edits": null}}, {"model": "facilities.implementation_type", "pk": 117, "fields": {"ct": null, "hts": null, "il": null, "for_version": "original", "facility_info": "2e73dac3-57a0-4c0d-b1e6-096918698c08", "facility_edits": null}}, {"model": "facilities.implementation_type", "pk": 118, "fields": {"ct": null, "hts": null, "il": null, "for_version": "original", "facility_info": "ae08ee0e-feaa-4adc-8e9a-505aeb1c435a", "facility_edits": null}}, {"model": "facilities.implementation_type", "pk": 119, "fields": {"ct": null, "hts": null, "il": null, "for_version": "original", "facility_info": "97745f2e-8b47-45cb-bc9e-c1bf29df491f", "facility_edits": null}}, {"model": "facilities.implementation_type", "pk": 120, "fields": {"ct": null, "hts": null, "il": null, "for_version": "original", "facility_info": "03471d24-24e2-42ad-8b3e-4739dff796fb", "facility_edits": null}}, {"model": "facilities.implementation_type", "pk": 121, "fields": {"ct": null, "hts": null, "il": null, "for_version": "original", "facility_info": "e0dbd880-18e5-475b-9af6-235a38f3e493", "facility_edits": null}}, {"model": "facilities.implementation_type", "pk": 122, "fields": {"ct": null, "hts": null, "il": null, "for_version": "original", "facility_info": "0d46f54e-c246-45af-9fc3-6be9fc582c32", "facility_edits": null}}, {"model": "facilities.implementation_type", "pk": 123, "fields": {"ct": null, "hts": null, "il": null, "for_version": "original", "facility_info": "8ded457c-4f73-49d3-bf46-85a4575763c5", "facility_edits": null}}, {"model": "facilities.implementation_type", "pk": 124, "fields": {"ct": null, "hts": null, "il": null, "for_version": "original", "facility_info": "5c0dd70a-2afb-4da6-8892-9db8200039af", "facility_edits": null}}, {"model": "facilities.implementation_type", "pk": 125, "fields": {"ct": null, "hts": null, "il": null, "for_version": "original", "facility_info": "8a93687c-08a9-4318-be59-7a7eeab5e8a2", "facility_edits": null}}, {"model": "facilities.implementation_type", "pk": 126, "fields": {"ct": null, "hts": null, "il": null, "for_version": "original", "facility_info": "df0dfb78-1715-480f-bd3c-aa9b4b38dbd9", "facility_edits": null}}, {"model": "facilities.implementation_type", "pk": 127, "fields": {"ct": null, "hts": null, "il": null, "for_version": "original", "facility_info": "bb848e54-8f33-4598-a48c-58513499884d", "facility_edits": null}}, {"model": "facilities.implementation_type", "pk": 128, "fields": {"ct": null, "hts": null, "il": null, "for_version": "original", "facility_info": "907b0d39-2faf-4e86-bf9d-4daaf1643828", "facility_edits": null}}, {"model": "facilities.implementation_type", "pk": 129, "fields": {"ct": null, "hts": null, "il": null, "for_version": "original", "facility_info": "96b34764-0ffd-48cb-ac83-f71764f2983f", "facility_edits": null}}, {"model": "auth.user", "pk": 1, "fields": {"password": "pbkdf2_sha256$320000$OCXkyz23PvawCTSlCCmdW7$bSbLEGH5ExECwLCIRMsEoOcWgbw509jB1L095CcVrU0=", "last_login": "2022-02-08T21:21:04.394Z", "is_superuser": true, "username": "marykils", "first_name": "", "last_name": "", "email": "marykilewe@gmail.com", "is_staff": true, "is_active": true, "date_joined": "2022-02-08T20:36:45.605Z", "groups": [], "user_permissions": []}}, {"model": "auth.user", "pk": 2, "fields": {"password": "pbkdf2_sha256$320000$5FDM23KaOeYdAKlSlQaF4v$YpPPgPX+ScU8+zKjhsKmy1ymZ06ahQBMDRC8wiUBv/o=", "last_login": null, "is_superuser": false, "username": "test", "first_name": "", "last_name": "", "email": "", "is_staff": false, "is_active": true, "date_joined": "2022-02-08T20:49:30.013Z", "groups": [], "user_permissions": []}}, {"model": "auth.user", "pk": 3, "fields": {"password": "pbkdf2_sha256$320000$W16sFrDZlRXQZc4i2PQSZN$qa0MrJOqAmlmsNpjiwQI0tFV5i7SO4G0kGQhKWaJzVA=", "last_login": "2022-02-15T20:10:41.815Z", "is_superuser": false, "username": "hushpuppy", "first_name": "hush", "last_name": "puppy", "email": "hushpuppy@gmail.com", "is_staff": false, "is_active": true, "date_joined": "2022-02-08T20:57:15.237Z", "groups": [], "user_permissions": []}}]